2.50,Anschluss,Substantiv,"der Anschluss, -̈e",chuyến tiếp / kết nối,Sie haben Anschluss nach Kamm mit dem Intercity um neun Uhr achtundfünfzig ab Gleis drei.,Bạn có chuyến tiếp đi Kamm bằng Intercity lúc 9 giờ 58 từ ke số 3.,Verkehr,B1;DTZ;Verkehr,
2.50,Ansage,Substantiv,"die Ansage, -n","thông báo (loa, đài)",In der Ansage steht die Abfahrtszeit.,Trong thông báo có ghi giờ khởi hành.,Verkehr,B1;DTZ;Verkehr,
2.50,planmäßig,Adjektiv,,đúng kế hoạch / theo lịch,Das ist die planmäßige Ankunftszeit am Hauptbahnhof.,Đó là giờ đến theo lịch ở ga chính.,Verkehr,B1;DTZ;Verkehr,
2.50,Abfahrtszeit,Substantiv,"die Abfahrtszeit, -en",giờ khởi hành,Die Abfahrtszeit für den Anschluss nach Kamm steht im Plan.,Giờ khởi hành chuyến tiếp đi Kamm có trong lịch.,Verkehr,B1;DTZ;Verkehr,
2.50,Gleis,Substantiv,"das Gleis, -e",ke tàu / đường ray,Der Zug fährt ab Gleis drei.,Tàu chạy từ ke số 3.,Verkehr,B1;DTZ;Verkehr,
2.50,Regionalbahn,Substantiv,"die Regionalbahn, -en",tàu địa phương,Die Regionalbahn nach Gemünden fährt um 10:00 Uhr.,Tàu địa phương đi Gemünden chạy lúc 10 giờ.,Verkehr,B1;DTZ;Verkehr,
2.51,Wunschkonzert,Substantiv,"das Wunschkonzert, -e",chương trình nhạc yêu cầu,Auf NRW 3 können Sie das Wunschkonzert hören.,Trên NRW 3 bạn có thể nghe chương trình nhạc theo yêu cầu.,Freizeit,B1;DTZ;Freizeit,
2.51,Hörspiel,Substantiv,"das Hörspiel, -e",kịch truyền thanh,Auf NRW 2 läuft ein Hörspiel-Krimi.,Trên NRW 2 đang phát một vở kịch truyền thanh hình sự.,Freizeit,B1;DTZ;Freizeit,
2.51,ausstrahlen,Verb,strahlte aus - hat ausgestrahlt,phát sóng,Auf NRW 2 wird ein Hörspiel-Krimi ausgestrahlt.,Trên NRW 2 phát sóng một kịch truyền thanh.,Freizeit,B1;DTZ;Freizeit,
2.51,Dokumentation,Substantiv,"die Dokumentation, -en",phim tài liệu,Eine Dokumentation über die Bundesregierung läuft auf NRW 5.,Một phim tài liệu về chính phủ liên bang phát trên NRW 5.,Freizeit,B1;DTZ;Freizeit,
2.51,Bundesregierung,Substantiv,"die Bundesregierung, -en",chính phủ liên bang,Die Arbeit der Bundesregierung wird dokumentiert.,Hoạt động của chính phủ liên bang được ghi lại.,Gesellschaft,B1;DTZ;Gesellschaft,
2.52,Einnahme,Substantiv,"die Einnahme, -n",việc dùng (thuốc) / sử dụng,Es gibt Anweisungen für die Einnahme von Schlafpil.,Có hướng dẫn cho việc dùng Schlafpil.,Gesundheit,B1;DTZ;Gesundheit,
2.52,Anweisung,Substantiv,"die Anweisung, -en",chỉ dẫn / hướng dẫn,Lesen Sie die Anweisungen vor der Einnahme.,Đọc hướng dẫn trước khi dùng thuốc.,Gesundheit,B1;DTZ;Gesundheit,
2.52,Tropfen,Substantiv,"der Tropfen, -",giọt (thuốc),Nehmen Sie mittags und abends jeweils 10 Tropfen mit Wasser ein.,Buổi trưa và buổi tối uống 10 giọt với nước.,Gesundheit,B1;DTZ;Gesundheit,
2.52,Erwachsene,Substantiv,"der/die Erwachsene, -n",người lớn,Diese Anweisung gilt nur für Erwachsene.,Hướng dẫn này chỉ áp dụng cho người lớn.,Gesundheit,B1;DTZ;Gesundheit,
2.52,zustimmen,Verb,stimmte zu - hat zugestimmt,đồng ý / chấp thuận,"Das Medikament ist nur erlaubt, wenn der Arzt zustimmt.",Thuốc chỉ được dùng nếu bác sĩ đồng ý.,Gesundheit,B1;DTZ;Gesundheit,
2.52,täglich,Adjektiv,,hàng ngày,Das Medikament wird zweimal täglich eingenommen.,Thuốc được dùng hai lần mỗi ngày.,Gesundheit,B1;DTZ;Gesundheit,
2.53,Angebot,Substantiv,"das Angebot, -e",đề nghị / chương trình ưu đãi,Am Sonntag gibt es spezielle Angebote für Kinder.,Chủ nhật có những chương trình đặc biệt cho trẻ em.,Freizeit,B1;DTZ;Freizeit,
2.53,Puppentheater,Substantiv,"das Puppentheater, -",kịch rối,Im Programm gibt es Puppentheater und Zaubershows.,Trong chương trình có kịch rối và biểu diễn ảo thuật.,Freizeit,B1;DTZ;Freizeit,
2.53,Zaubershow,Substantiv,"die Zaubershow, -s",biểu diễn ảo thuật,Die Kinder freuen sich auf die Zaubershow.,Bọn trẻ háo hức xem biểu diễn ảo thuật.,Freizeit,B1;DTZ;Freizeit,
2.53,Hüpfburg,Substantiv,"die Hüpfburg, -en",lâu đài nhún,Auf dem Spielplatz steht eine große Hüpfburg.,Ở sân chơi có một lâu đài nhún lớn.,Freizeit,B1;DTZ;Freizeit,
2.53,Kurzfilm,Substantiv,"der Kurzfilm, -e",phim ngắn,Am Samstag werden internationale Kurzfilme gezeigt.,Thứ bảy chiếu các phim ngắn quốc tế.,Freizeit,B1;DTZ;Freizeit,
2.54,nachhaltig,Adjektiv,,bền vững,Es geht um nachhaltige Lebensmittelproduktion.,Chủ đề nói về sản xuất thực phẩm bền vững.,Gesellschaft,B1;DTZ;Gesellschaft,
2.54,Lebensmittelproduktion,Substantiv,"die Lebensmittelproduktion, -en",sản xuất thực phẩm,Die Lebensmittelproduktion soll umweltfreundlich sein.,Việc sản xuất thực phẩm phải thân thiện môi trường.,Gesellschaft,B1;DTZ;Gesellschaft,
2.54,biologisch,Adjektiv,,hữu cơ / sinh học,Wählen Sie biologisch angebaute Produkte.,Hãy chọn các sản phẩm được trồng theo phương pháp hữu cơ.,Einkauf,B1;DTZ;Einkauf,
2.54,regional,Adjektiv,,thuộc vùng / địa phương,Regionale Produkte sind oft frischer.,Sản phẩm địa phương thường tươi hơn.,Einkauf,B1;DTZ;Einkauf,
2.54,anbauen,Verb,baute an - hat angebaut,trồng trọt,Diese Tomaten werden biologisch angebaut.,Các quả cà chua này được trồng theo phương pháp hữu cơ.,Einkauf,B1;DTZ;Einkauf,
2.54,Modetrend,Substantiv,"der Modetrend, -s",xu hướng thời trang,Modetrends werden in der Sendung nur kurz erwähnt.,Xu hướng thời trang chỉ được nhắc qua trong chương trình.,Freizeit,B1;DTZ;Freizeit,
2.55,Stressbewältigung,Substantiv,die Stressbewältigung,việc vượt qua stress,Der Podcast handelt von Methoden zur Stressbewältigung.,Podcast nói về các phương pháp đối phó với stress.,Gesundheit,B1;DTZ;Gesundheit,
2.55,Umgang,Substantiv,"der Umgang, kein Plural",cách xử lý / đối xử,Im Podcast geht es um den Umgang mit Stress.,Podcast nói về cách đối phó với stress.,Gesundheit,B1;DTZ;Gesundheit,
2.55,Muskelentspannung,Substantiv,"die Muskelentspannung, -en",thư giãn cơ,Die progressive Muskelentspannung hilft gegen Stress.,Phương pháp thư giãn cơ tiến triển giúp chống stress.,Gesundheit,B1;DTZ;Gesundheit,
2.55,thematisieren,Verb,thematisierte - hat thematisiert,đưa ra làm chủ đề,Im Podcast wird Bewegung nicht thematisiert.,Trong podcast vấn đề vận động không được nêu làm chủ đề.,Gesellschaft,B1;DTZ;Gesellschaft,
2.55,Methode,Substantiv,"die Methode, -n",phương pháp,Es gibt verschiedene Methoden zur Stressbewältigung.,Có nhiều phương pháp để vượt qua stress.,Gesundheit,B1;DTZ;Gesundheit,
2.56,Ernährung,Substantiv,"die Ernährung, kein Plural",việc ăn uống / dinh dưỡng,Obst und Gemüse sind wichtig für die Ernährung.,Trái cây và rau quan trọng cho dinh dưỡng.,Gesundheit,B1;DTZ;Gesundheit,
2.56,Zubereitung,Substantiv,"die Zubereitung, -en",việc chế biến (món ăn),Die Zubereitung von Fleischgerichten dauert lange.,Việc chế biến các món thịt mất nhiều thời gian.,Alltag,B1;DTZ;Alltag,
2.56,Gericht,Substantiv,"das Gericht, -e",món ăn,Sie kocht heute ein vegetarisches Gericht.,Hôm nay cô ấy nấu một món chay.,Alltag,B1;DTZ;Alltag,
2.56,Vorteil,Substantiv,"der Vorteil, -e",lợi thế / ưu điểm,Obst und Gemüse haben viele Vorteile.,Trái cây và rau có nhiều ưu điểm.,Gesundheit,B1;DTZ;Gesundheit,
2.56,Mittelpunkt,Substantiv,"der Mittelpunkt, -e",trung tâm / điểm chính,Fast Food steht nicht im Mittelpunkt des Gesprächs.,Đồ ăn nhanh không phải là trọng tâm cuộc trò chuyện.,Allgemein,B1;DTZ;Allgemein,
2.57,Umweltschutz,Substantiv,"der Umweltschutz, kein Plural",bảo vệ môi trường,Heute sprechen wir über Umweltschutz.,Hôm nay chúng ta nói về bảo vệ môi trường.,Gesellschaft,B1;DTZ;Gesellschaft,
2.57,Umweltverschmutzung,Substantiv,"die Umweltverschmutzung, kein Plural",ô nhiễm môi trường,Umweltverschmutzung ist in großen Städten ein Problem.,Ô nhiễm môi trường là vấn đề ở các thành phố lớn.,Gesellschaft,B1;DTZ;Gesellschaft,
2.57,Jugend,Substantiv,"die Jugend, kein Plural",thanh thiếu niên / tuổi trẻ,Die Jugend spielt eine wichtige Rolle im Umweltschutz.,Giới trẻ có vai trò quan trọng trong bảo vệ môi trường.,Gesellschaft,B1;DTZ;Gesellschaft,
2.57,Rolle,Substantiv,"die Rolle, -n",vai trò,Welche Rolle spielt die Jugend im Umweltschutz?,Giới trẻ có vai trò gì trong bảo vệ môi trường?,Gesellschaft,B1;DTZ;Gesellschaft,
2.57,fördern,Verb,förderte - hat gefördert,thúc đẩy / hỗ trợ,Jugendliche können Umweltschutz fördern.,Thanh niên có thể thúc đẩy bảo vệ môi trường.,Gesellschaft,B1;DTZ;Gesellschaft,
2.57,Gesetz,Substantiv,"das Gesetz, -e",luật / đạo luật,Neue Umweltgesetze werden diskutiert.,Các luật môi trường mới đang được thảo luận.,Behörde,B1;DTZ;Behörde,
2.58,beeindrucken,Verb,beeindruckte - hat beeindruckt,gây ấn tượng,Die Landschaft hat den Sprecher beeindruckt.,Cảnh quan đã gây ấn tượng cho người nói.,Reisen,B1;DTZ;Reisen,
2.58,lebhaft,Adjektiv,,sống động / náo nhiệt,Die lebhafte Atmosphäre der Städte gefällt mir.,Tôi thích bầu không khí náo nhiệt của các thành phố.,Reisen,B1;DTZ;Reisen,
2.58,Atmosphäre,Substantiv,"die Atmosphäre, -n",bầu không khí,Die Atmosphäre in Lima ist sehr lebhaft.,Bầu không khí ở Lima rất sống động.,Reisen,B1;DTZ;Reisen,
2.58,atemberaubend,Adjektiv,,ngoạn mục / nghẹt thở,Die atemberaubende Landschaft hat einen Eindruck hinterlassen.,Cảnh quan ngoạn mục đã để lại ấn tượng.,Reisen,B1;DTZ;Reisen,
2.58,Eindruck,Substantiv,"der Eindruck, -̈e",ấn tượng,Die Reise hat einen bleibenden Eindruck hinterlassen.,Chuyến đi đã để lại ấn tượng lâu dài.,Reisen,B1;DTZ;Reisen,
2.58,hinterlassen,Verb,hinterließ - hat hinterlassen,để lại,Die Landschaft hat einen bleibenden Eindruck hinterlassen.,Cảnh quan đã để lại ấn tượng lâu dài.,Allgemein,B1;DTZ;Allgemein,
2.59,Versicherung,Substantiv,"die Versicherung, -en",bảo hiểm,Sie müssen Ihre Versicherung bis Ende November kündigen.,Bạn phải hủy bảo hiểm trước cuối tháng 11.,Behörde,B1;DTZ;Behörde,
2.59,kündigen,Verb,kündigte - hat gekündigt,hủy / chấm dứt (hợp đồng),Ich möchte meine Versicherung kündigen.,Tôi muốn hủy bảo hiểm của mình.,Behörde,B1;DTZ;Behörde,
2.59,Stichtag,Substantiv,"der Stichtag, -e",ngày chốt hạn,Der 30. November ist der Stichtag für die Kündigung.,30 tháng 11 là ngày chốt hạn để hủy.,Behörde,B1;DTZ;Behörde,
2.59,umstellen,Verb,stellte um - hat umgestellt,chuyển đổi,Sie können Ihre Kfz-Versicherung für das folgende Jahr umstellen.,Bạn có thể chuyển đổi bảo hiểm xe cho năm tiếp theo.,Behörde,B1;DTZ;Behörde,
2.59,Kraftfahrzeugversicherung,Substantiv,"die Kraftfahrzeugversicherung, -en",bảo hiểm xe cơ giới,Die Kraftfahrzeugversicherung ist gesetzlich vorgeschrieben.,Bảo hiểm xe cơ giới là bắt buộc theo luật.,Behörde,B1;DTZ;Behörde,
2.59,Termin,Substantiv,"der Termin, -e",hẹn / kỳ hạn,Es gibt einen festen Termin für die Kündigung.,Có một kỳ hạn cố định để hủy.,Behörde,B1;DTZ;Behörde,
2.60,Lebensgefahr,Substantiv,"die Lebensgefahr, kein Plural",nguy hiểm tính mạng,Eine Person schwebt in Lebensgefahr.,Một người đang trong tình trạng nguy hiểm tính mạng.,Verkehr,B1;DTZ;Verkehr,
2.60,schweben,Verb,schwebte - hat geschwebt,lơ lửng / ở tình trạng,Die Person schwebt in Lebensgefahr.,Người đó đang trong tình trạng nguy hiểm tính mạng.,Verkehr,B1;DTZ;Verkehr,
2.60,Unfall,Substantiv,"der Unfall, -̈e",tai nạn,Nach einem schweren Unfall ist die Autobahn gesperrt.,"Sau một tai nạn nghiêm trọng, đường cao tốc bị đóng.",Verkehr,B1;DTZ;Verkehr,
2.60,sperren,Verb,sperrte - hat gesperrt,đóng / chặn,Die Straße wurde nach dem Unfall gesperrt.,Đường đã bị đóng sau tai nạn.,Verkehr,B1;DTZ;Verkehr,
2.60,Lastwagen,Substantiv,"der Lastwagen, -",xe tải,Auf der A2 gab es einen Unfall mit einem Lastwagen.,Trên cao tốc A2 có một tai nạn với xe tải.,Verkehr,B1;DTZ;Verkehr,
2.60,Wohnwagen,Substantiv,"der Wohnwagen, -",xe nhà di động,Ein Lastwagen kollidierte mit einem Wohnwagen.,Một xe tải va chạm với một xe nhà di động.,Verkehr,B1;DTZ;Verkehr,
2.61,auftreten,Verb,trat auf - ist aufgetreten,biểu diễn / xuất hiện,Auf der Silvesterparty treten Gruppen aus verschiedenen Ländern auf.,Ở tiệc đêm giao thừa có các nhóm từ nhiều nước biểu diễn.,Freizeit,B1;DTZ;Freizeit,
2.61,Bühne,Substantiv,"die Bühne, -n",sân khấu,Auf der World-Bühne spielen Musiker aus Afrika und Asien.,Trên sân khấu World có nhạc sĩ từ châu Phi và châu Á.,Freizeit,B1;DTZ;Freizeit,
2.61,Verlosung,Substantiv,"die Verlosung, -en",buổi rút thăm trúng thưởng,Es gibt eine Verlosung mit attraktiven Preisen.,Có buổi rút thăm với các giải thưởng hấp dẫn.,Freizeit,B1;DTZ;Freizeit,
2.61,Musikrichtung,Substantiv,"die Musikrichtung, -en",thể loại nhạc,Verschiedene Musikrichtungen werden auf den Bühnen gespielt.,Nhiều thể loại nhạc được biểu diễn trên các sân khấu.,Freizeit,B1;DTZ;Freizeit,
2.61,Silvester,Substantiv,"das/der Silvester, -",đêm giao thừa,Wir feiern Silvester mit einer großen Party.,Chúng tôi đón giao thừa bằng một bữa tiệc lớn.,Freizeit,B1;DTZ;Freizeit,
2.62,Stau,Substantiv,"der Stau, -s",tắc đường / kẹt xe,Auf der A8 gibt es einen 10 Kilometer langen Stau.,Trên A8 có một đoạn kẹt xe dài 10 km.,Verkehr,B1;DTZ;Verkehr,
2.62,Richtung,Substantiv,"die Richtung, -en",hướng,Auf der A8 in Richtung Baden-Baden gibt es Stau.,Trên A8 hướng đi Baden-Baden có kẹt xe.,Verkehr,B1;DTZ;Verkehr,
2.62,auflösen,Verb,löste auf - hat aufgelöst,giải tỏa / được dỡ bỏ,Der Stau auf der A7 hat sich aufgelöst.,Đoạn kẹt xe trên A7 đã được giải tỏa.,Verkehr,B1;DTZ;Verkehr,
2.62,Fahrbahn,Substantiv,"die Fahrbahn, -en",làn đường / mặt đường,Die Fahrbahn ist wieder frei.,Mặt đường lại thông thoáng.,Verkehr,B1;DTZ;Verkehr,
2.62,Gegenstand,Substantiv,"der Gegenstand, -̈e",vật / đồ vật,Gegenstände auf der Fahrbahn sind eine Gefahr.,Đồ vật trên mặt đường là một mối nguy hiểm.,Verkehr,B1;DTZ;Verkehr,
2.62,Gefahr,Substantiv,"die Gefahr, -en",mối nguy hiểm,Auf der A9 gibt es Gefahr durch Gegenstände auf der Fahrbahn.,Trên A9 có nguy hiểm do đồ vật trên mặt đường.,Verkehr,B1;DTZ;Verkehr,
2.63,Erwärmung,Substantiv,"die Erwärmung, -en",sự ấm lên,Im Osten wird eine Erwärmung erwartet.,Ở phía đông dự kiến có sự ấm lên.,Wetter,B1;DTZ;Wetter,
2.63,Temperatur,Substantiv,"die Temperatur, -en",nhiệt độ,Die Temperaturen steigen auf 20 bis 25 Grad.,Nhiệt độ tăng lên 20 đến 25 độ.,Wetter,B1;DTZ;Wetter,
2.63,trocken,Adjektiv,,khô ráo,Im Osten bleibt es trocken.,Phía đông vẫn khô ráo.,Wetter,B1;DTZ;Wetter,
2.63,kühl,Adjektiv,,mát / hơi lạnh,Im Norden wird es kühl bleiben.,Phía bắc sẽ vẫn mát.,Wetter,B1;DTZ;Wetter,
2.63,Grad,Substantiv,"das Grad, -e",độ (nhiệt độ),Es werden 25 Grad erwartet.,Dự kiến 25 độ.,Wetter,B1;DTZ;Wetter,
2.64,Nachricht,Substantiv,"die Nachricht, -en",tin tức / bản tin,Nun zu den internationalen Nachrichten.,Bây giờ chuyển sang tin tức quốc tế.,Allgemein,B1;DTZ;Allgemein,
2.64,Wetterbericht,Substantiv,"der Wetterbericht, -e",bản tin thời tiết,Der Wetterbericht kommt nach den Nachrichten.,Bản tin thời tiết đến sau tin tức.,Wetter,B1;DTZ;Wetter,
2.64,Verkehrsmeldung,Substantiv,"die Verkehrsmeldung, -en",bản tin giao thông,Die Verkehrsmeldung warnt vor Stau.,Bản tin giao thông cảnh báo về tắc đường.,Verkehr,B1;DTZ;Verkehr,
2.64,Flughafen,Substantiv,"der Flughafen, -̈",sân bay,Der Flughafen wurde gesperrt.,Sân bay đã bị đóng.,Reisen,B1;DTZ;Reisen,
2.64,international,Adjektiv,,quốc tế,Nun zu den internationalen Nachrichten.,Bây giờ chuyển sang tin tức quốc tế.,Allgemein,B1;DTZ;Allgemein,
2.65,Löscharbeiten,Substantiv,die Löscharbeiten (Plural),công tác chữa cháy,Bitte stören Sie die Löscharbeiten nicht.,Xin đừng cản trở công tác chữa cháy.,Behörde,B1;DTZ;Behörde,
2.65,stören,Verb,störte - hat gestört,làm phiền / cản trở,Stören Sie die Arbeit der Feuerwehr nicht.,Đừng cản trở công việc của lính cứu hỏa.,Allgemein,B1;DTZ;Allgemein,
2.65,Einsatzort,Substantiv,"der Einsatzort, -e",hiện trường (làm nhiệm vụ),Meiden Sie den Einsatzort der Feuerwehr.,Hãy tránh xa hiện trường của đội cứu hỏa.,Behörde,B1;DTZ;Behörde,
2.65,meiden,Verb,mied - hat gemieden,tránh xa,Meiden Sie den Bereich um den Brand.,Hãy tránh khu vực quanh đám cháy.,Allgemein,B1;DTZ;Allgemein,
2.65,Einwohner,Substantiv,"der Einwohner, -",cư dân,Die Einwohner sollen ihre Fenster schließen.,Cư dân nên đóng cửa sổ.,Wohnen,B1;DTZ;Wohnen,
2.65,Feuerwehr,Substantiv,"die Feuerwehr, -en",đội cứu hỏa,Die Feuerwehr ist im Einsatz.,Đội cứu hỏa đang làm nhiệm vụ.,Behörde,B1;DTZ;Behörde,
2.65,Stadtteil,Substantiv,"der Stadtteil, -e",khu phố / quận,Die Einwohner des Stadtteils werden informiert.,Cư dân khu phố được thông báo.,Wohnen,B1;DTZ;Wohnen,
2.66,Krimi,Substantiv,"der Krimi, -s",phim/truyện hình sự,Der Krimi wird zu einem späteren Zeitpunkt gesendet.,Bộ phim hình sự sẽ được phát sau.,Freizeit,B1;DTZ;Freizeit,
2.66,Ausstrahlung,Substantiv,"die Ausstrahlung, -en",việc phát sóng,Die Ausstrahlung des Krimis entfällt heute.,Việc phát sóng phim hình sự hôm nay bị hủy.,Freizeit,B1;DTZ;Freizeit,
2.66,entfallen,Verb,entfiel - ist entfallen,bị hủy / không diễn ra,Die Sendung entfällt wegen einer Sondersendung.,Chương trình bị hủy vì có bản tin đặc biệt.,Freizeit,B1;DTZ;Freizeit,
2.66,Sondersendung,Substantiv,"die Sondersendung, -en",chương trình đặc biệt,Statt des Krimis gibt es eine Sondersendung.,Thay vì phim hình sự sẽ có một chương trình đặc biệt.,Freizeit,B1;DTZ;Freizeit,
2.66,Videotext,Substantiv,"der Videotext, -e",videotext / teletext,Den neuen Termin finden Sie im Videotext.,Bạn có thể tìm lịch mới trong videotext.,Technologie,B1;DTZ;Technologie,
2.66,Zeitpunkt,Substantiv,"der Zeitpunkt, -e",thời điểm,Der Krimi wird zu einem späteren Zeitpunkt gesendet.,Bộ phim sẽ được chiếu vào thời điểm sau.,Allgemein,B1;DTZ;Allgemein,
2.67,Ratschlag,Substantiv,"der Ratschlag, -̈e",lời khuyên,Es gibt Ratschläge für Fahrzeughalter.,Có lời khuyên cho chủ phương tiện.,Behörde,B1;DTZ;Behörde,
2.67,Fahrzeughalter,Substantiv,"der Fahrzeughalter, -",chủ xe / chủ phương tiện,Fahrzeughalter müssen die Versicherung jährlich überprüfen.,Chủ xe phải kiểm tra bảo hiểm hàng năm.,Behörde,B1;DTZ;Behörde,
2.67,Einblick,Substantiv,"der Einblick, -e",cái nhìn / sự hiểu biết,Sie erhalten wichtige Einblicke in das Thema.,Bạn sẽ có những hiểu biết quan trọng về chủ đề.,Bildung,B1;DTZ;Bildung,
2.67,rechtlich,Adjektiv,,thuộc pháp lý,Es geht um rechtliche und finanzielle Ratschläge.,Đây là về lời khuyên pháp lý và tài chính.,Behörde,B1;DTZ;Behörde,
2.67,finanziell,Adjektiv,,thuộc tài chính,Finanzielle Ratschläge helfen beim Sparen.,Lời khuyên tài chính giúp tiết kiệm.,Allgemein,B1;DTZ;Allgemein,
2.68,Wettervorhersage,Substantiv,"die Wettervorhersage, -n",dự báo thời tiết,Die Wettervorhersage für Dortmund ist positiv.,Dự báo thời tiết cho Dortmund khả quan.,Wetter,B1;DTZ;Wetter,
2.68,steigend,Adjektiv,,đang tăng,Steigende Temperaturen am Wochenende.,Nhiệt độ đang tăng vào cuối tuần.,Wetter,B1;DTZ;Wetter,
2.68,windig,Adjektiv,,có gió / nhiều gió,Am Freitag wird es sehr windig.,Thứ sáu sẽ rất nhiều gió.,Wetter,B1;DTZ;Wetter,
2.68,Regenfall,Substantiv,"der Regenfall, -̈e",trận mưa / lượng mưa,Für Sonntag werden keine Regenfälle erwartet.,Chủ nhật không dự kiến có mưa.,Wetter,B1;DTZ;Wetter,
2.68,begleiten,Verb,begleitete - hat begleitet,đi kèm / đồng hành,Die Sonne wird von steigenden Temperaturen begleitet.,Ánh nắng đi kèm với nhiệt độ tăng.,Allgemein,B1;DTZ;Allgemein,
2.69,Baumaterial,Substantiv,"das Baumaterial, -ien",vật liệu xây dựng,Auf der A5 liegen Baumaterialien auf der Fahrbahn.,Trên A5 có vật liệu xây dựng trên mặt đường.,Verkehr,B1;DTZ;Verkehr,
2.69,LKW-Unfall,Substantiv,"der LKW-Unfall, -̈e",tai nạn xe tải,Nach einem LKW-Unfall ist die Strecke gesperrt.,Sau một tai nạn xe tải đoạn đường bị đóng.,Verkehr,B1;DTZ;Verkehr,
2.69,Baustelle,Substantiv,"die Baustelle, -n",công trường xây dựng,Auf der A3 gibt es Stau wegen einer Baustelle.,Trên A3 có kẹt xe vì công trường.,Verkehr,B1;DTZ;Verkehr,
2.69,Radfahrer,Substantiv,"der Radfahrer, -",người đi xe đạp,Auf der A53 wurden Radfahrer gesichtet.,Trên A53 đã phát hiện người đi xe đạp.,Verkehr,B1;DTZ;Verkehr,
2.69,sichten,Verb,sichtete - hat gesichtet,phát hiện / nhìn thấy,Radfahrer wurden auf der Autobahn gesichtet.,Người đi xe đạp đã được phát hiện trên cao tốc.,Verkehr,B1;DTZ;Verkehr,
2.70,vermissen,Verb,vermisste - hat vermisst,mất tích / nhớ ai đó,Herr Müller wird seit gestern Abend vermisst.,Ông Müller bị mất tích từ tối qua.,Allgemein,B1;DTZ;Allgemein,
2.70,Hinweis,Substantiv,"der Hinweis, -e",manh mối / chỉ dẫn,Die Polizei bittet um Hinweise.,Cảnh sát nhờ cung cấp manh mối.,Behörde,B1;DTZ;Behörde,
2.70,suchen,Verb,suchte - hat gesucht,tìm kiếm,Herr Müller wird von der Polizei gesucht.,Ông Müller đang bị cảnh sát truy tìm.,Behörde,B1;DTZ;Behörde,
2.70,Orientierungsschwierigkeit,Substantiv,"die Orientierungsschwierigkeit, -en",khó khăn về định hướng,Herr Müller hat Orientierungsschwierigkeiten.,Ông Müller có khó khăn trong việc định hướng.,Gesundheit,B1;DTZ;Gesundheit,
2.70,Polizei,Substantiv,"die Polizei, kein Plural",cảnh sát,Die Polizei sucht den Vermissten.,Cảnh sát đang tìm người mất tích.,Behörde,B1;DTZ;Behörde,
2.71,Preis,Substantiv,"der Preis, -e",giải thưởng / giá,Welche Preise sind zu gewinnen?,Có thể trúng những giải thưởng nào?,Freizeit,B1;DTZ;Freizeit,
2.71,gewinnen,Verb,gewann - hat gewonnen,thắng / trúng giải,Sie können eine Reise nach Paris gewinnen.,Bạn có thể trúng một chuyến đi Paris.,Freizeit,B1;DTZ;Freizeit,
2.71,Einkaufsgutschein,Substantiv,"der Einkaufsgutschein, -e",phiếu mua hàng,Es gibt Einkaufsgutscheine zu gewinnen.,Có phiếu mua hàng để trúng thưởng.,Einkauf,B1;DTZ;Einkauf,
2.71,Bargeld,Substantiv,"das Bargeld, kein Plural",tiền mặt,Bargeld wird nicht als Preis vergeben.,Tiền mặt không được trao làm giải thưởng.,Einkauf,B1;DTZ;Einkauf,
2.71,Urlaub,Substantiv,"der Urlaub, -e",kỳ nghỉ,Eine Woche Urlaub in Paris für zwei Personen.,Một tuần nghỉ tại Paris cho hai người.,Reisen,B1;DTZ;Reisen,
2.72,vorsichtig,Adjektiv,,cẩn thận,Auf der A4 muss man sehr vorsichtig fahren.,Trên A4 phải lái xe rất cẩn thận.,Verkehr,B1;DTZ;Verkehr,
2.72,entgegenkommen,Verb,kam entgegen - ist entgegengekommen,đi ngược chiều / đến từ phía đối diện,Auf der A4 kommt Ihnen ein Fahrzeug entgegen.,Trên A4 có một xe đi ngược chiều phía bạn.,Verkehr,B1;DTZ;Verkehr,
2.72,Fahrspur,Substantiv,"die Fahrspur, -en",làn xe,Bleiben Sie auf der rechten Fahrspur.,Hãy giữ làn xe bên phải.,Verkehr,B1;DTZ;Verkehr,
2.72,überholen,Verb,überholte - hat überholt,vượt (xe),Überholen Sie nicht auf dieser Strecke.,Đừng vượt trên đoạn đường này.,Verkehr,B1;DTZ;Verkehr,
2.72,Vorsichtsmaßnahme,Substantiv,"die Vorsichtsmaßnahme, -n",biện pháp phòng ngừa,Es gibt besondere Vorsichtsmaßnahmen auf der A4.,Có những biện pháp phòng ngừa đặc biệt trên A4.,Verkehr,B1;DTZ;Verkehr,
2.72,Risiko,Substantiv,"das Risiko, Risiken",rủi ro,Ein entgegenkommendes Fahrzeug stellt ein Risiko dar.,Một xe đi ngược chiều là một rủi ro.,Verkehr,B1;DTZ;Verkehr,
2.73,Jobsuche,Substantiv,"die Jobsuche, -n",việc tìm việc làm,Am Mittwoch gibt es Tipps zur Jobsuche.,Thứ tư có các mẹo tìm việc.,Arbeit,B1;DTZ;Arbeit,
2.73,Jobberater,Substantiv,"der Jobberater, -",tư vấn nghề nghiệp,Jobberater sprechen über das Berufsleben.,Tư vấn nghề nghiệp nói về cuộc sống công việc.,Arbeit,B1;DTZ;Arbeit,
2.73,Bewerbung,Substantiv,"die Bewerbung, -en",đơn xin việc,Tipps für erfolgreiche Bewerbungen werden gegeben.,Các mẹo cho đơn xin việc thành công sẽ được nêu.,Arbeit,B1;DTZ;Arbeit,
2.73,Arbeitswelt,Substantiv,"die Arbeitswelt, -en",thế giới việc làm,Einblick in die Arbeitswelt am Mittwoch.,Một góc nhìn về thế giới việc làm vào thứ tư.,Arbeit,B1;DTZ;Arbeit,
2.73,Berufsleben,Substantiv,"das Berufsleben, kein Plural",đời sống nghề nghiệp,Jobberater sprechen über das Berufsleben.,Tư vấn nghề nghiệp nói về đời sống nghề nghiệp.,Arbeit,B1;DTZ;Arbeit,
2.74,sonnig,Adjektiv,,có nắng,Morgen wird es sonnig im Süden.,Ngày mai phía nam sẽ có nắng.,Wetter,B1;DTZ;Wetter,
2.74,Bewölkung,Substantiv,"die Bewölkung, kein Plural",mây / lượng mây,Es herrscht eine beträchtliche Bewölkung im Norden.,Phía bắc có nhiều mây đáng kể.,Wetter,B1;DTZ;Wetter,
2.74,beträchtlich,Adjektiv,,đáng kể,Es gibt eine beträchtliche Bewölkung.,Có lượng mây đáng kể.,Wetter,B1;DTZ;Wetter,
2.74,prognostizieren,Verb,prognostizierte - hat prognostiziert,dự báo,Für Süddeutschland wird kein Regen prognostiziert.,Cho miền nam nước Đức không dự báo có mưa.,Wetter,B1;DTZ;Wetter,
2.74,Schnee,Substantiv,"der Schnee, kein Plural",tuyết,Im Norden gibt es Schnee.,Phía bắc có tuyết.,Wetter,B1;DTZ;Wetter,
2.75,Bonusheft,Substantiv,"das Bonusheft, -e",sổ điểm thưởng (bảo hiểm y tế),Im Bonusheft werden Vorsorgeuntersuchungen dokumentiert.,Khám phòng ngừa được ghi lại trong sổ điểm thưởng.,Gesundheit,B1;DTZ;Gesundheit,
2.75,Vorsorgeuntersuchung,Substantiv,"die Vorsorgeuntersuchung, -en",khám sức khỏe phòng ngừa,Regelmäßige Vorsorgeuntersuchungen sind wichtig.,Khám sức khỏe phòng ngừa định kỳ rất quan trọng.,Gesundheit,B1;DTZ;Gesundheit,
2.75,Zuschuss,Substantiv,"der Zuschuss, -̈e",khoản trợ cấp / hỗ trợ,Sie erhalten höhere Zuschüsse für Zahnbehandlungen.,Bạn nhận được khoản hỗ trợ cao hơn cho điều trị răng.,Gesundheit,B1;DTZ;Gesundheit,
2.75,Krankenkassenbeitrag,Substantiv,"der Krankenkassenbeitrag, -̈e",phí bảo hiểm y tế,Die Krankenkassenbeiträge steigen jedes Jahr.,Phí bảo hiểm y tế tăng mỗi năm.,Gesundheit,B1;DTZ;Gesundheit,
2.75,Zahnbehandlung,Substantiv,"die Zahnbehandlung, -en",điều trị răng,Zahnbehandlungen sind oft teuer.,Điều trị răng thường đắt.,Gesundheit,B1;DTZ;Gesundheit,
2.75,Kostenminimierung,Substantiv,"die Kostenminimierung, -en",việc giảm thiểu chi phí,Die Sendung konzentriert sich auf Kostenminimierung.,Chương trình tập trung vào việc giảm thiểu chi phí.,Gesundheit,B1;DTZ;Gesundheit,
2.76,Bauarbeiten,Substantiv,die Bauarbeiten (Plural),công việc thi công,Auf der A7 gibt es Bauarbeiten.,Trên A7 đang có công việc thi công.,Verkehr,B1;DTZ;Verkehr,
2.76,Eisenbahnbrücke,Substantiv,"die Eisenbahnbrücke, -n",cầu đường sắt,Eine neue Eisenbahnbrücke wird gebaut.,Một cây cầu đường sắt mới đang được xây.,Verkehr,B1;DTZ;Verkehr,
2.76,Umleitung,Substantiv,"die Umleitung, -en",đường vòng / lộ trình thay thế,Es gibt eine Umleitung wegen der Bauarbeiten.,Có một đường vòng do thi công.,Verkehr,B1;DTZ;Verkehr,
2.76,Autobahn,Substantiv,"die Autobahn, -en",đường cao tốc,Die Autobahn A7 ist teilweise gesperrt.,Cao tốc A7 bị đóng một phần.,Verkehr,B1;DTZ;Verkehr,
2.77,Mitteilung,Substantiv,"die Mitteilung, -en",thông báo / thư báo,Eine wichtige Mitteilung kommt im Radio.,Một thông báo quan trọng phát trên đài.,Allgemein,B1;DTZ;Allgemein,
2.77,Wirtschaft,Substantiv,"die Wirtschaft, kein Plural",kinh tế,Politiker und Wirtschaftsvertreter diskutieren.,Các chính trị gia và đại diện kinh tế thảo luận.,Gesellschaft,B1;DTZ;Gesellschaft,
2.77,Politik,Substantiv,"die Politik, kein Plural",chính trị,Es gibt eine Sendung über Wirtschaft und Politik.,Có một chương trình về kinh tế và chính trị.,Gesellschaft,B1;DTZ;Gesellschaft,
2.77,Auswirkung,Substantiv,"die Auswirkung, -en",tác động / hệ quả,Die Auswirkungen der Krise werden diskutiert.,Tác động của khủng hoảng được thảo luận.,Gesellschaft,B1;DTZ;Gesellschaft,
2.77,Krise,Substantiv,"die Krise, -n",khủng hoảng,Die Bankenkrise hat große Auswirkungen.,Khủng hoảng ngân hàng có tác động lớn.,Gesellschaft,B1;DTZ;Gesellschaft,
2.77,diskutieren,Verb,diskutierte - hat diskutiert,thảo luận,Politiker diskutieren über die Krise.,Các chính trị gia thảo luận về khủng hoảng.,Gesellschaft,B1;DTZ;Gesellschaft,
2.77,Komödie,Substantiv,"die Komödie, -n",phim hài / kịch hài,Die geplante Komödie entfällt heute.,Vở hài kịch dự kiến hôm nay bị hủy.,Freizeit,B1;DTZ;Freizeit,
2.78,Ankündigung,Substantiv,"die Ankündigung, -en",thông báo / thông cáo,Eine dringende Ankündigung wird gemacht.,Một thông báo khẩn được đưa ra.,Allgemein,B1;DTZ;Allgemein,
2.78,dringend,Adjektiv,,khẩn cấp,Es handelt sich um eine dringende Ankündigung.,Đây là một thông báo khẩn cấp.,Allgemein,B1;DTZ;Allgemein,
2.78,Hauptbahnhof,Substantiv,"der Hauptbahnhof, -̈e",ga chính,Wie kommt man zum Hauptbahnhof?,Làm sao đến ga chính?,Verkehr,B1;DTZ;Verkehr,
2.78,Straßenbahn,Substantiv,"die Straßenbahn, -en",tàu điện,Die Straßenbahn fährt nicht zum Hauptbahnhof.,Tàu điện không chạy đến ga chính.,Verkehr,B1;DTZ;Verkehr,
2.78,Verkehrsunfall,Substantiv,"der Verkehrsunfall, -̈e",tai nạn giao thông,Wegen eines Verkehrsunfalls ist die Straße gesperrt.,Đường bị đóng do tai nạn giao thông.,Verkehr,B1;DTZ;Verkehr,
2.79,ausgewogen,Adjektiv,,cân bằng (dinh dưỡng),Eine ausgewogene Ernährung ist wichtig.,Một chế độ ăn cân bằng rất quan trọng.,Gesundheit,B1;DTZ;Gesundheit,
2.79,Vollkornprodukt,Substantiv,"das Vollkornprodukt, -e",sản phẩm ngũ cốc nguyên hạt,Vollkornprodukte gehören zu einer gesunden Ernährung.,Sản phẩm ngũ cốc nguyên hạt thuộc về chế độ ăn lành mạnh.,Gesundheit,B1;DTZ;Gesundheit,
2.79,Eiweiß,Substantiv,"das Eiweiß, -e",protein / lòng trắng trứng,Mageres Eiweiß ist gut für die Gesundheit.,Protein ít béo tốt cho sức khỏe.,Gesundheit,B1;DTZ;Gesundheit,
2.79,mager,Adjektiv,,ít béo / nạc,Mageres Fleisch ist gesünder.,Thịt nạc lành mạnh hơn.,Gesundheit,B1;DTZ;Gesundheit,
2.79,fettig,Adjektiv,,nhiều dầu mỡ,Vermeiden Sie fettige Lebensmittel.,Hãy tránh thực phẩm nhiều dầu mỡ.,Gesundheit,B1;DTZ;Gesundheit,
2.79,Werbung,Substantiv,"die Werbung, -en",quảng cáo,In der Werbung wird gesunde Ernährung empfohlen.,Trong quảng cáo khuyến khích ăn uống lành mạnh.,Allgemein,B1;DTZ;Allgemein,
2.80,Wetterlage,Substantiv,"die Wetterlage, -n",tình hình thời tiết,Die Wetterlage ändert sich nächste Woche.,Tình hình thời tiết sẽ thay đổi tuần tới.,Wetter,B1;DTZ;Wetter,
2.80,fallend,Adjektiv,,đang giảm,Fallende Temperaturen werden prognostiziert.,Dự báo nhiệt độ đang giảm.,Wetter,B1;DTZ;Wetter,
2.80,Hitzegewitter,Substantiv,"das Hitzegewitter, -",cơn dông do nắng nóng,Lokale Hitzegewitter werden am Wochenende erwartet.,Cuối tuần dự kiến có dông do nắng nóng cục bộ.,Wetter,B1;DTZ;Wetter,
2.80,Sonnenschein,Substantiv,"der Sonnenschein, kein Plural",ánh nắng mặt trời,Weniger Sonnenschein in der kommenden Woche.,Tuần tới có ít ánh nắng hơn.,Wetter,B1;DTZ;Wetter,
2.80,deutschlandweit,Adjektiv,,trên toàn nước Đức,Deutschlandweit fallen die Temperaturen.,Trên toàn nước Đức nhiệt độ giảm.,Wetter,B1;DTZ;Wetter,
2.81,Verkehrsbehinderung,Substantiv,"die Verkehrsbehinderung, -en",cản trở giao thông,Es gibt Verkehrsbehinderungen wegen Regen.,Có cản trở giao thông do mưa.,Verkehr,B1;DTZ;Verkehr,
2.81,Verkehrslage,Substantiv,"die Verkehrslage, -n",tình hình giao thông,Die Verkehrslage ist schlecht.,Tình hình giao thông xấu.,Verkehr,B1;DTZ;Verkehr,
2.81,Autofahrer,Substantiv,"der Autofahrer, -",người lái xe ô tô,Die Meldung ist für Autofahrer relevant.,Bản tin có liên quan đến người lái xe.,Verkehr,B1;DTZ;Verkehr,
2.81,relevant,Adjektiv,,có liên quan / quan trọng,Diese Information ist für Autofahrer relevant.,Thông tin này có liên quan đến người lái xe.,Allgemein,B1;DTZ;Allgemein,
2.81,Regen,Substantiv,"der Regen, kein Plural",mưa,Wegen Regen gibt es Verkehrsprobleme.,Vì mưa có vấn đề giao thông.,Wetter,B1;DTZ;Wetter,
2.82,Sonne,Substantiv,"die Sonne, -n",mặt trời,Im Westen scheint hauptsächlich die Sonne.,Ở phía tây chủ yếu có mặt trời.,Wetter,B1;DTZ;Wetter,
2.82,hauptsächlich,Adverb,,chủ yếu,Im Westen scheint hauptsächlich die Sonne.,Phía tây chủ yếu có mặt trời.,Allgemein,B1;DTZ;Allgemein,
2.82,Lage,Substantiv,"die Lage, -n",vị trí / vùng,In tieferen Lagen wird Schnee erwartet.,Ở các vùng thấp hơn dự kiến có tuyết.,Allgemein,B1;DTZ;Allgemein,
2.82,scheinen,Verb,schien - hat geschienen,chiếu sáng / có vẻ,Die Sonne scheint im Westen.,Mặt trời chiếu sáng ở phía tây.,Wetter,B1;DTZ;Wetter,
2.83,Fahrzeugbrand,Substantiv,"der Fahrzeugbrand, -̈e",vụ cháy xe,Ein Fahrzeugbrand sorgt für Stau auf der A7.,Một vụ cháy xe gây kẹt xe trên A7.,Verkehr,B1;DTZ;Verkehr,
2.83,massiv,Adjektiv,,lớn / nghiêm trọng,Es gibt massive Staus auf der A7.,Có những đoạn kẹt xe lớn trên A7.,Verkehr,B1;DTZ;Verkehr,
2.83,Baustellenverzögerung,Substantiv,"die Baustellenverzögerung, -en",sự chậm trễ do công trường,Auf der A3 gibt es Baustellenverzögerungen.,Trên A3 có chậm trễ do công trường.,Verkehr,B1;DTZ;Verkehr,
2.83,betreffen,Verb,betraf - hat betroffen,liên quan / ảnh hưởng,Die A7 ist von einem Fahrzeugbrand stark betroffen.,Cao tốc A7 bị ảnh hưởng nặng bởi một vụ cháy xe.,Verkehr,B1;DTZ;Verkehr,
2.83,sorgen,Verb,sorgte - hat gesorgt,gây ra / lo lắng,Der Brand sorgt für massive Staus.,Vụ cháy gây ra những đoạn kẹt xe lớn.,Allgemein,B1;DTZ;Allgemein,
2.84,überwiegend,Adjektiv,,phần lớn / chủ yếu,Im Westen wird überwiegend sonniges Wetter erwartet.,Phía tây dự kiến phần lớn là thời tiết có nắng.,Wetter,B1;DTZ;Wetter,
2.84,erwarten,Verb,erwartete - hat erwartet,mong đợi / dự kiến,Wir erwarten sonniges Wetter.,Chúng tôi dự kiến thời tiết có nắng.,Allgemein,B1;DTZ;Allgemein,
2.84,Gebiet,Substantiv,"das Gebiet, -e",khu vực / vùng,Schnee wird in höheren Gebieten erwartet.,Tuyết được dự báo ở các vùng cao hơn.,Allgemein,B1;DTZ;Allgemein,
2.85,Falschfahrer,Substantiv,"der Falschfahrer, -",xe đi ngược chiều (trên cao tốc),Auf der A96 fährt ein Falschfahrer.,Trên A96 có một xe đi ngược chiều.,Verkehr,B1;DTZ;Verkehr,
2.85,melden,Verb,meldete - hat gemeldet,báo cáo / thông báo,Die Polizei meldet einen Falschfahrer.,Cảnh sát báo có xe đi ngược chiều.,Behörde,B1;DTZ;Behörde,
2.85,aktuell,Adjektiv,,hiện tại / mới nhất,Aktuell meldet die Polizei einen Falschfahrer.,Hiện tại cảnh sát báo có xe đi ngược chiều.,Allgemein,B1;DTZ;Allgemein,
2.86,Gewinnspiel,Substantiv,"das Gewinnspiel, -e",trò chơi trúng thưởng,Beim Gewinnspiel kann man eine Reise gewinnen.,Trong trò chơi trúng thưởng có thể thắng một chuyến đi.,Freizeit,B1;DTZ;Freizeit,
2.86,Kurzreise,Substantiv,"die Kurzreise, -n",chuyến đi ngắn ngày,Gewinnen Sie eine Kurzreise nach Dortmund.,Hãy thắng một chuyến đi ngắn tới Dortmund.,Reisen,B1;DTZ;Reisen,
2.86,Hotelaufenthalt,Substantiv,"der Hotelaufenthalt, -e",kỳ lưu trú khách sạn,Der Preis enthält einen Hotelaufenthalt.,Giải thưởng bao gồm một kỳ lưu trú khách sạn.,Reisen,B1;DTZ;Reisen,
2.86,Verwöhnauszeit,Substantiv,"die Verwöhnauszeit, -en",thời gian thư giãn / được chăm sóc,Genießen Sie eine Verwöhnauszeit im Hotel.,Tận hưởng thời gian được chăm sóc tại khách sạn.,Reisen,B1;DTZ;Reisen,
2.86,kulinarisch,Adjektiv,,thuộc về ẩm thực,Ein kulinarisches Wochenende ist nicht angeboten.,Một kỳ cuối tuần ẩm thực không được cung cấp.,Freizeit,B1;DTZ;Freizeit,
2.87,Verspätung,Substantiv,"die Verspätung, -en",sự chậm trễ,Die Züge fahren mit Verspätung.,Các tàu chạy chậm giờ.,Verkehr,B1;DTZ;Verkehr,
2.87,ersetzen,Verb,ersetzte - hat ersetzt,thay thế,Züge werden durch Busse ersetzt.,Các tàu được thay thế bằng xe buýt.,Verkehr,B1;DTZ;Verkehr,
2.87,Ausfall,Substantiv,"der Ausfall, -̈e",việc bị hủy / ngừng,Es geht um den Ausfall der Züge.,Đây là về việc các tàu bị hủy.,Verkehr,B1;DTZ;Verkehr,
2.87,Busverbindung,Substantiv,"die Busverbindung, -en",tuyến xe buýt,Eine Busverbindung steht zur Verfügung.,Có một tuyến xe buýt sẵn có.,Verkehr,B1;DTZ;Verkehr,
2.87,außer Betrieb,Redemittel,,ngừng hoạt động,Die Regionalbahnen sind außer Betrieb.,Các tàu địa phương đang ngừng hoạt động.,Verkehr,B1;DTZ;Verkehr,
2.87,verkehren,Verb,verkehrte - hat verkehrt,chạy / lưu thông (xe),Ein Bus verkehrt alle 30 Minuten.,Một xe buýt chạy mỗi 30 phút.,Verkehr,B1;DTZ;Verkehr,
2.88,Horoskop,Substantiv,"das Horoskop, -e",tử vi / lá số tử vi,Hier ist Ihr Horoskop für Montag.,Đây là tử vi của bạn cho thứ hai.,Freizeit,B1;DTZ;Freizeit,
2.88,Sportnachricht,Substantiv,"die Sportnachricht, -en",tin tức thể thao,Die Sportnachrichten kommen später.,Tin thể thao đến sau.,Freizeit,B1;DTZ;Freizeit,
2.88,astrologisch,Adjektiv,,thuộc chiêm tinh,Astrologische Vorhersagen sind beliebt.,Dự đoán chiêm tinh rất phổ biến.,Freizeit,B1;DTZ;Freizeit,
2.88,Vorhersage,Substantiv,"die Vorhersage, -n",dự đoán / dự báo,Die Vorhersage für die Woche ist gut.,Dự đoán cho cả tuần là tốt.,Allgemein,B1;DTZ;Allgemein,
2.89,Haltestellenzeit,Substantiv,"die Haltestellenzeit, -en",giờ tại bến (xe buýt),Beachten Sie die neuen Haltestellenzeiten.,Hãy lưu ý giờ tại bến mới.,Verkehr,B1;DTZ;Verkehr,
2.89,Fahrplan,Substantiv,"der Fahrplan, -̈e",lịch chạy xe,Der alte Fahrplan ist veraltet.,Lịch chạy xe cũ đã lỗi thời.,Verkehr,B1;DTZ;Verkehr,
2.89,Personalmangel,Substantiv,"der Personalmangel, kein Plural",thiếu nhân sự,Wegen Personalmangel wurde der Fahrplan angepasst.,Vì thiếu nhân sự lịch chạy đã được điều chỉnh.,Arbeit,B1;DTZ;Arbeit,
2.89,anpassen,Verb,passte an - hat angepasst,điều chỉnh / thích ứng,Der Fahrplan wurde angepasst.,Lịch chạy đã được điều chỉnh.,Allgemein,B1;DTZ;Allgemein,
2.89,Behebung,Substantiv,"die Behebung, -en",việc khắc phục,Auf die Behebung des Personalmangels zu warten ist keine Lösung.,Chờ khắc phục thiếu nhân sự không phải là giải pháp.,Allgemein,B1;DTZ;Allgemein,
2.89,veraltet,Adjektiv,,lỗi thời / cũ kỹ,Der alte Fahrplan ist veraltet.,Lịch cũ đã lỗi thời.,Allgemein,B1;DTZ;Allgemein,
2.90,Baumaßnahme,Substantiv,"die Baumaßnahme, -n",biện pháp xây dựng / công trình,Wegen Baumaßnahmen ist die Straße gesperrt.,Vì các công trình đường bị đóng.,Verkehr,B1;DTZ;Verkehr,
2.90,Reisende,Substantiv,"der/die Reisende, -n",hành khách / người đi đường,Reisende sollen am Supermarkt parken.,Hành khách nên đỗ xe ở siêu thị.,Reisen,B1;DTZ;Reisen,
2.90,parken,Verb,parkte - hat geparkt,đỗ xe,Parken Sie am Supermarkt und folgen Sie der Umleitung.,Hãy đỗ xe ở siêu thị và đi theo đường vòng.,Verkehr,B1;DTZ;Verkehr,
2.90,folgen,Verb,folgte - ist gefolgt,đi theo / tuân theo,Folgen Sie den Umleitungen zum Bahnhof.,Hãy đi theo đường vòng đến nhà ga.,Verkehr,B1;DTZ;Verkehr,
2.90,verschieben,Verb,verschob - hat verschoben,dời lại / hoãn,Den Besuch des Bahnhofs zu verschieben ist nicht nötig.,Việc dời chuyến đi đến nhà ga là không cần thiết.,Allgemein,B1;DTZ;Allgemein,
2.90,gesperrt,Adjektiv,,bị đóng / bị chặn,Die Straße vor dem Bahnhof ist gesperrt.,Đường trước nhà ga bị đóng.,Verkehr,B1;DTZ;Verkehr,
2.91,Buchladen,Substantiv,"der Buchladen, -̈",hiệu sách,Im Buchladen gibt es viele Bücher.,Trong hiệu sách có nhiều sách.,Einkauf,B1;DTZ;Einkauf,
2.91,Verfügbarkeit,Substantiv,"die Verfügbarkeit, -en",tình trạng có sẵn,Prüfen Sie vorher die Verfügbarkeit.,Hãy kiểm tra trước tình trạng có sẵn.,Einkauf,B1;DTZ;Einkauf,
2.91,Lager,Substantiv,"das Lager, -",kho hàng,Bestimmte Bücher sind im Lager nicht verfügbar.,Một số sách không có sẵn trong kho.,Arbeit,B1;DTZ;Arbeit,
2.91,Platzmangel,Substantiv,"der Platzmangel, kein Plural",thiếu chỗ / chật chội,Wegen Platzmangel sind einige Bücher nicht verfügbar.,Vì thiếu chỗ một số sách không có sẵn.,Einkauf,B1;DTZ;Einkauf,
2.91,vorab,Adverb,,trước / từ trước,"Rufen Sie vorab an, um die Verfügbarkeit zu prüfen.",Hãy gọi trước để kiểm tra tình trạng có sẵn.,Allgemein,B1;DTZ;Allgemein,
2.92,Kartenzahlung,Substantiv,"die Kartenzahlung, -en",thanh toán bằng thẻ,Kartenzahlungen werden derzeit nicht akzeptiert.,Hiện không chấp nhận thanh toán bằng thẻ.,Einkauf,B1;DTZ;Einkauf,
2.92,bar zahlen,Redemittel,,trả bằng tiền mặt,Sie können bar zahlen oder elektronisch.,Bạn có thể trả bằng tiền mặt hoặc điện tử.,Einkauf,B1;DTZ;Einkauf,
2.92,Zahlungsmethode,Substantiv,"die Zahlungsmethode, -n",phương thức thanh toán,Es gibt mehrere Zahlungsmethoden.,Có nhiều phương thức thanh toán.,Einkauf,B1;DTZ;Einkauf,
2.92,elektronisch,Adjektiv,,thuộc điện tử,Elektronische Zahlungsmethoden sind beliebt.,Phương thức thanh toán điện tử rất phổ biến.,Technologie,B1;DTZ;Technologie,
2.92,akzeptieren,Verb,akzeptierte - hat akzeptiert,chấp nhận,Wir akzeptieren keine Kartenzahlung.,Chúng tôi không chấp nhận thanh toán bằng thẻ.,Einkauf,B1;DTZ;Einkauf,
2.92,abbrechen,Verb,brach ab - hat abgebrochen,ngắt / hủy bỏ,Sie sollen den Kauf nicht abbrechen.,Bạn không nên hủy việc mua hàng.,Einkauf,B1;DTZ;Einkauf,
2.92,Alternative,Substantiv,"die Alternative, -n",lựa chọn thay thế,Es gibt eine Alternative zur Kartenzahlung.,Có một lựa chọn thay thế cho thanh toán bằng thẻ.,Allgemein,B1;DTZ;Allgemein,
2.93,Toilette,Substantiv,"die Toilette, -n",nhà vệ sinh,Die Toiletten im Stadtpark sind geschlossen.,Nhà vệ sinh trong công viên thành phố đã đóng.,Alltag,B1;DTZ;Alltag,
2.93,Stadtpark,Substantiv,"der Stadtpark, -s",công viên thành phố,Der Stadtpark wird renoviert.,Công viên thành phố đang được tân trang.,Freizeit,B1;DTZ;Freizeit,
2.93,benachbart,Adjektiv,,kế bên / lân cận,Im benachbarten Einkaufszentrum gibt es Toiletten.,Trong trung tâm mua sắm kế bên có nhà vệ sinh.,Wohnen,B1;DTZ;Wohnen,
2.93,Einkaufszentrum,Substantiv,"das Einkaufszentrum, -zentren",trung tâm mua sắm,Im Einkaufszentrum gibt es viele Geschäfte.,Trong trung tâm mua sắm có nhiều cửa hàng.,Einkauf,B1;DTZ;Einkauf,
2.93,Reparatur,Substantiv,"die Reparatur, -en",sửa chữa,Wegen Reparaturen sind die Toiletten geschlossen.,Vì sửa chữa nhà vệ sinh bị đóng.,Alltag,B1;DTZ;Alltag,
2.93,Bedürfnis,Substantiv,"das Bedürfnis, -se",nhu cầu,Sie haben dringende Bedürfnisse.,Bạn có những nhu cầu khẩn cấp.,Alltag,B1;DTZ;Alltag,
2.94,Blumenstrauß,Substantiv,"der Blumenstrauß, -̈e",bó hoa,Sie kauft einen schönen Blumenstrauß.,Cô ấy mua một bó hoa đẹp.,Einkauf,B1;DTZ;Einkauf,
2.94,individuell,Adjektiv,,riêng / cá nhân,Für individuelle Wünsche bitte vorher anrufen.,Đối với yêu cầu cá nhân vui lòng gọi trước.,Allgemein,B1;DTZ;Allgemein,
2.94,Wunsch,Substantiv,"der Wunsch, -̈e",mong muốn / yêu cầu,Bei speziellen Wünschen rufen Sie an.,Khi có yêu cầu đặc biệt hãy gọi.,Allgemein,B1;DTZ;Allgemein,
2.94,Blumenladen,Substantiv,"der Blumenladen, -̈",tiệm hoa,Im Blumenladen gibt es viele Sträuße.,Trong tiệm hoa có nhiều bó hoa.,Einkauf,B1;DTZ;Einkauf,
2.94,klären,Verb,klärte - hat geklärt,làm rõ,Klären Sie die Verfügbarkeit vorher.,Hãy làm rõ tình trạng có sẵn từ trước.,Allgemein,B1;DTZ;Allgemein,
2.95,Klimaanlage,Substantiv,"die Klimaanlage, -n",máy điều hòa,Die Klimaanlage funktioniert nicht.,Máy điều hòa không hoạt động.,Wohnen,B1;DTZ;Wohnen,
2.95,Raumklima,Substantiv,"das Raumklima, kein Plural",nhiệt độ trong phòng,Öffnen Sie die Fenster für angenehmes Raumklima.,Hãy mở cửa sổ để có nhiệt độ phòng dễ chịu.,Wohnen,B1;DTZ;Wohnen,
2.95,einschalten,Verb,schaltete ein - hat eingeschaltet,bật / khởi động,Schalten Sie die Klimaanlage ein.,Hãy bật máy điều hòa.,Wohnen,B1;DTZ;Wohnen,
2.95,angenehm,Adjektiv,,dễ chịu,Es ist angenehm in der Nähe der Fenster.,Gần cửa sổ rất dễ chịu.,Wohnen,B1;DTZ;Wohnen,
2.95,Schwierigkeit,Substantiv,"die Schwierigkeit, -en",khó khăn,Es gibt technische Schwierigkeiten mit der Klimaanlage.,Có khó khăn kỹ thuật với máy điều hòa.,Technologie,B1;DTZ;Technologie,
2.95,Meldung,Substantiv,"die Meldung, -en",thông báo / bản tin,"In der Meldung wird empfohlen, Fenster zu öffnen.",Trong thông báo có khuyến nghị mở cửa sổ.,Allgemein,B1;DTZ;Allgemein,
2.96,Fahrstuhl,Substantiv,"der Fahrstuhl, -̈e",thang máy,Der Fahrstuhl ist außer Betrieb.,Thang máy đang ngừng hoạt động.,Wohnen,B1;DTZ;Wohnen,
2.96,Treppe,Substantiv,"die Treppe, -n",cầu thang,Nutzen Sie die Treppe auf der rechten Seite.,Hãy sử dụng cầu thang bên phải.,Wohnen,B1;DTZ;Wohnen,
2.96,Stockwerk,Substantiv,"das Stockwerk, -e",tầng (nhà),Sie wollen zu den oberen Stockwerken.,Bạn muốn lên các tầng trên.,Wohnen,B1;DTZ;Wohnen,
2.96,Wartungsarbeit,Substantiv,"die Wartungsarbeit, -en",công việc bảo trì,Wegen Wartungsarbeiten ist der Fahrstuhl gesperrt.,Vì bảo trì thang máy đang đóng.,Wohnen,B1;DTZ;Wohnen,
2.96,Eingang,Substantiv,"der Eingang, -̈e",lối vào,Die Treppe ist rechts vom Eingang.,Cầu thang nằm bên phải lối vào.,Wohnen,B1;DTZ;Wohnen,
2.96,explizit,Adjektiv,,rõ ràng / minh thị,"Es wird explizit empfohlen, die Treppe zu nutzen.",Có khuyến nghị rõ ràng dùng cầu thang.,Allgemein,B1;DTZ;Allgemein,
2.97,Terrasse,Substantiv,"die Terrasse, -n",sân thượng / hiên,Die Terrasse ist geschlossen.,Sân thượng đã đóng.,Wohnen,B1;DTZ;Wohnen,
2.97,gemütlich,Adjektiv,,ấm cúng / dễ chịu,Nutzen Sie die gemütlichen Innenplätze.,Hãy dùng các chỗ ngồi ấm cúng bên trong.,Wohnen,B1;DTZ;Wohnen,
2.97,Innenplatz,Substantiv,"der Innenplatz, -̈e",chỗ ngồi trong nhà,Es gibt gemütliche Innenplätze im Cafe.,Có chỗ ngồi ấm cúng bên trong quán cà phê.,Wohnen,B1;DTZ;Wohnen,
2.97,geschlossen,Adjektiv,,đã đóng,Die Terrasse ist geschlossen.,Sân thượng đã đóng.,Allgemein,B1;DTZ;Allgemein,
2.97,genießen,Verb,genoss - hat genossen,thưởng thức / tận hưởng,Genießen Sie Ihren Besuch im Cafe.,Hãy tận hưởng chuyến ghé thăm quán cà phê.,Freizeit,B1;DTZ;Freizeit,
2.98,frühzeitig,Adjektiv,,sớm / kịp thời,Kommen Sie frühzeitig am Theater an.,Hãy đến rạp hát sớm.,Freizeit,B1;DTZ;Freizeit,
2.98,Sitzplatz,Substantiv,"der Sitzplatz, -̈e",chỗ ngồi,Nehmen Sie Ihren Sitzplatz rechtzeitig ein.,Hãy ngồi vào chỗ kịp thời.,Freizeit,B1;DTZ;Freizeit,
2.98,einnehmen,Verb,nahm ein - hat eingenommen,vào chỗ / chiếm,Nehmen Sie Ihren Platz ein.,Hãy ngồi vào chỗ của bạn.,Freizeit,B1;DTZ;Freizeit,
2.98,Unannehmlichkeit,Substantiv,"die Unannehmlichkeit, -en",sự bất tiện,Mögliche Unannehmlichkeiten sollen vermieden werden.,Cần tránh những bất tiện có thể xảy ra.,Allgemein,B1;DTZ;Allgemein,
2.98,Maßnahme,Substantiv,"die Maßnahme, -n",biện pháp,Welche Maßnahmen werden vorgeschlagen?,Những biện pháp nào được đề xuất?,Behörde,B1;DTZ;Behörde,
2.98,vermeiden,Verb,vermied - hat vermieden,tránh,Vermeiden Sie Unannehmlichkeiten durch frühes Erscheinen.,Tránh bất tiện bằng cách đến sớm.,Allgemein,B1;DTZ;Allgemein,
2.98,Verzögerung,Substantiv,"die Verzögerung, -en",sự chậm trễ,Aufgrund der Verzögerung kommen Sie früher.,Do chậm trễ hãy đến sớm hơn.,Allgemein,B1;DTZ;Allgemein,
